[
    {
      "englishText": "Hello,",
      "vietnameseText": "Xin chào,",
      "audio": {
        "start": 0,
        "end": 0.6499999999999999
      }
    },
    {
      "englishText": "I'm Adam.",
      "vietnameseText": "Tôi là Adam.",
      "audio": {
        "start": 0.43,
        "end": 2.04
      }
    },
    {
      "englishText": "And I'm Liz.",
      "vietnameseText": "Và tôi là Liz.",
      "audio": {
        "start": 1.8299999999999998,
        "end": 3.4299999999999997
      }
    },
    {
      "englishText": "And before we begin today's program, we want to tell you how to get Spotlight scripts and programs sent right to your email inbox.",
      "vietnameseText": "Và trước khi chúng tôi bắt đầu chương trình hôm nay, chúng tôi muốn nói với bạn cách nhận các kịch bản và chương trình của Spotlight được gửi ngay tới hộp thư email của bạn.",
      "audio": {
        "start": 3.21,
        "end": 13.870000000000001
      }
    },
    {
      "englishText": "For only $5 a month, you can get a script of each week's program that is yours to use and keep.",
      "vietnameseText": "Chỉ với $5 một tháng, bạn có thể nhận được một kịch bản của chương trình mỗi tuần mà bạn có thể sử dụng và giữ lại.",
      "audio": {
        "start": 13.78,
        "end": 24.69
      }
    },
    {
      "englishText": "That's only $1 each week to take your English learning to the next level.",
      "vietnameseText": "Chỉ có $1 mỗi tuần để đưa việc học tiếng Anh của bạn lên một tầm cao mới.",
      "audio": {
        "start": 24.419999999999998,
        "end": 31.04
      }
    },
    {
      "englishText": "Try and find a better deal than that.",
      "vietnameseText": "Hãy thử và tìm một thỏa thuận tốt hơn thế.",
      "audio": {
        "start": 31.08,
        "end": 34.48
      }
    },
    {
      "englishText": "Just visit spotlightenglish.com and click the button at the top that says scripts by email.",
      "vietnameseText": "Chỉ cần truy cập spotlightenglish.com và nhấp vào nút ở trên cùng có nội dung các kịch bản qua email.",
      "audio": {
        "start": 34.36,
        "end": 43.87
      }
    },
    {
      "englishText": "Thanks.",
      "vietnameseText": "Cảm ơn.",
      "audio": {
        "start": 43.940000000000005,
        "end": 45.01
      }
    },
    {
      "englishText": "Now on to the program.",
      "vietnameseText": "Bây giờ vào chương trình.",
      "audio": {
        "start": 45.06,
        "end": 47.339999999999996
      }
    },
    {
      "englishText": "Welcome to Spotlight.",
      "vietnameseText": "Chào mừng đến với Spotlight.",
      "audio": {
        "start": 50.32,
        "end": 52.629999999999995
      }
    },
    {
      "englishText": "I'm Liz Waid.",
      "vietnameseText": "Tôi là Liz Waid.",
      "audio": {
        "start": 52.53,
        "end": 54.779999999999994
      }
    },
    {
      "englishText": "And I'm Luke Haley.",
      "vietnameseText": "Và tôi là Luke Haley.",
      "audio": {
        "start": 55.53,
        "end": 58.65
      }
    },
    {
      "englishText": "Spotlight uses a special English method of broadcasting.",
      "vietnameseText": "Spotlight sử dụng một phương pháp phát sóng tiếng Anh đặc biệt.",
      "audio": {
        "start": 58.85,
        "end": 65.09
      }
    },
    {
      "englishText": "It is easier for people to understand, no matter where in the world they live.",
      "vietnameseText": "Mọi người dễ hiểu hơn, bất kể họ sống ở đâu trên thế giới.",
      "audio": {
        "start": 65.03,
        "end": 73
      }
    },
    {
      "englishText": "In 1819, a young German doctor discovered a drug.",
      "vietnameseText": "Năm 1819, một bác sĩ trẻ người Đức đã phát hiện ra một loại thuốc.",
      "audio": {
        "start": 81.28,
        "end": 88.53
      }
    },
    {
      "englishText": "The doctor's name was Friedlib Ferdinand Lunge.",
      "vietnameseText": "Tên của bác sĩ là Friedlib Ferdinand Lunge.",
      "audio": {
        "start": 88.83,
        "end": 93.86999999999999
      }
    },
    {
      "englishText": "A friend had given Lunge some coffee beans to study.",
      "vietnameseText": "Một người bạn đã đưa cho Lunge một ít hạt cà phê để nghiên cứu.",
      "audio": {
        "start": 94.22,
        "end": 99.77
      }
    },
    {
      "englishText": "They were small and dark brown.",
      "vietnameseText": "Chúng nhỏ và có màu nâu sẫm.",
      "audio": {
        "start": 100.08,
        "end": 103.74
      }
    },
    {
      "englishText": "As he tested the beans, he discovered a chemical inside them,",
      "vietnameseText": "Khi ông kiểm tra các hạt đậu, ông đã phát hiện ra một hóa chất bên trong chúng,",
      "audio": {
        "start": 104.07000000000001,
        "end": 110.64
      }
    },
    {
      "englishText": "caffeine.",
      "vietnameseText": "caffeine.",
      "audio": {
        "start": 110.84,
        "end": 112.41
      }
    },
    {
        "englishText": "Today, caffeine is the most used drug in the world.",
        "vietnameseText": "Ngày nay, caffeine là loại thuốc được sử dụng nhiều nhất trên thế giới.",
        "audio": {
          "start": 112.21,
          "end": 119.87
        }
      },
      {
        "englishText": "Many people depend on caffeine to help them start the day.",
        "vietnameseText": "Nhiều người phụ thuộc vào caffeine để giúp họ bắt đầu một ngày mới.",
        "audio": {
          "start": 119.63999999999999,
          "end": 126.53
        }
      },
      {
        "englishText": "And more and more products contain caffeine.",
        "vietnameseText": "Và ngày càng có nhiều sản phẩm chứa caffeine.",
        "audio": {
          "start": 126.58999999999999,
          "end": 131.62
        }
      },
      {
        "englishText": "But there are negative results from using too much caffeine.",
        "vietnameseText": "Nhưng có những kết quả tiêu cực từ việc sử dụng quá nhiều caffeine.",
        "audio": {
          "start": 131.7,
          "end": 138.53
        }
      },
      {
        "englishText": "How much is too much?",
        "vietnameseText": "Bao nhiêu là quá nhiều?",
        "audio": {
          "start": 138.57999999999998,
          "end": 141.91
        }
      },
      {
        "englishText": "Today's Spotlight is on caffeine.",
        "vietnameseText": "Tiêu điểm hôm nay là về caffeine.",
        "audio": {
          "start": 141.76,
          "end": 146.39000000000001
        }
      },
      {
        "englishText": "Caffeine is a drug that naturally exists in some foods.",
        "vietnameseText": "Caffeine là một loại thuốc tồn tại tự nhiên trong một số thực phẩm.",
        "audio": {
          "start": 148.98,
          "end": 155.51
        }
      },
      {
        "englishText": "It is found in coffee beans, cocoa beans, guarana, yerba mate, tea, and other plants.",
        "vietnameseText": "Nó được tìm thấy trong hạt cà phê, hạt ca cao, guarana, yerba mate, trà và các loại cây khác.",
        "audio": {
          "start": 155.42,
          "end": 166.5
        }
      },
      {
        "englishText": "Through history, people from all over the world have grown and used plants for the effect of caffeine.",
        "vietnameseText": "Trong suốt lịch sử, con người từ khắp nơi trên thế giới đã trồng và sử dụng các loại cây trồng để lấy tác dụng của caffeine.",
        "audio": {
          "start": 166.28,
          "end": 176.31
        }
      },
      {
        "englishText": "But today, people commonly get caffeine through coffee, tea, or soft drinks like Coca-Cola.",
        "vietnameseText": "Nhưng ngày nay, người ta thường hấp thụ caffeine qua cà phê, trà hoặc nước ngọt như Coca-Cola.",
        "audio": {
          "start": 176.45,
          "end": 187.82
        }
      },
      {
        "englishText": "In a plant, caffeine is a natural pesticide.",
        "vietnameseText": "Trong thực vật, caffeine là một loại thuốc trừ sâu tự nhiên.",
        "audio": {
          "start": 187.82,
          "end": 193.6
        }
      },
      {
        "englishText": "It makes insects unable to move and then kills them.",
        "vietnameseText": "Nó làm cho côn trùng không thể di chuyển và sau đó giết chết chúng.",
        "audio": {
          "start": 193.1,
          "end": 200.5
        }
      },
      {
        "englishText": "But in a person's body, caffeine acts very differently.",
        "vietnameseText": "Nhưng trong cơ thể con người, caffeine hoạt động rất khác.",
        "audio": {
          "start": 200.5,
          "end": 206.5
        }
      },
      {
        "englishText": "It speeds up a person's central nervous system inside the body.",
        "vietnameseText": "Nó tăng tốc hệ thống thần kinh trung ương của một người bên trong cơ thể.",
        "audio": {
          "start": 206,
          "end": 213.5
        }
      },
      {
        "englishText": "It stimulates the brain.",
        "vietnameseText": "Nó kích thích não bộ.",
        "audio": {
          "start": 213,
          "end": 216.5
        }
      },
      {
        "englishText": "That is, it makes a brain act and react faster.",
        "vietnameseText": "Nghĩa là, nó làm cho bộ não hoạt động và phản ứng nhanh hơn.",
        "audio": {
          "start": 216.2,
          "end": 222.5
        }
      },
      {
        "englishText": "Some people feel that they can be more creative when they drink caffeine.",
        "vietnameseText": "Một số người cảm thấy rằng họ có thể sáng tạo hơn khi họ uống caffeine.",
        "audio": {
          "start": 222,
          "end": 229.5
        }
      },
      {
        "englishText": "It makes people feel more awake.",
        "vietnameseText": "Nó làm cho mọi người cảm thấy tỉnh táo hơn.",
        "audio": {
          "start": 229,
          "end": 233
        }
      },
      {
        "englishText": "And it can also increase physical performance in sports.",
        "vietnameseText": "Và nó cũng có thể làm tăng hiệu suất thể chất trong thể thao.",
        "audio": {
          "start": 233,
          "end": 240
        }
      },
      {
        "englishText": "Caffeine affects a person quickly.",
        "vietnameseText": "Caffeine ảnh hưởng đến một người một cách nhanh chóng.",
        "audio": {
          "start": 239.5,
          "end": 244.5
        }
      },
      {
        "englishText": "Imagine a person who is drinking a cup of coffee.",
        "vietnameseText": "Hãy tưởng tượng một người đang uống một tách cà phê.",
        "audio": {
          "start": 244,
          "end": 249.5
        }
      },
      {
        "englishText": "The drug begins to affect him about 5 minutes after he starts drinking it.",
        "vietnameseText": "Thuốc bắt đầu ảnh hưởng đến anh ta khoảng 5 phút sau khi anh ta bắt đầu uống nó.",
        "audio": {
          "start": 249.5,
          "end": 258
        }
      },
      {
        "englishText": "In 30 minutes, the caffeine affects the person most strongly.",
        "vietnameseText": "Trong 30 phút, caffeine ảnh hưởng đến người đó mạnh nhất.",
        "audio": {
          "start": 257.5,
          "end": 265
        }
      },
      {
        "englishText": "After about 4 and a half hours, his body has used about half the amount of caffeine.",
        "vietnameseText": "Sau khoảng 4 tiếng rưỡi, cơ thể anh ta đã sử dụng khoảng một nửa lượng caffeine.",
        "audio": {
          "start": 265,
          "end": 274.5
        }
      },
      {
        "englishText": "And by the next day, the caffeine is gone.",
        "vietnameseText": "Và đến ngày hôm sau, caffeine không còn nữa.",
        "audio": {
          "start": 274,
          "end": 280
        }
      },
      {
        "englishText": "Caffeine does not stay in the body.",
        "vietnameseText": "Caffeine không tồn tại trong cơ thể.",
        "audio": {
          "start": 280,
          "end": 285
        }
      },
      {
        "englishText": "Many people begin their day with caffeine in coffee or tea.",
        "vietnameseText": "Nhiều người bắt đầu ngày mới với caffeine trong cà phê hoặc trà.",
        "audio": {
          "start": 285,
          "end": 291.5
        }
      },
      {
        "englishText": "Spotlight writer Christy Van Arragon drinks coffee every morning.",
        "vietnameseText": "Tác giả Spotlight Christy Van Arragon uống cà phê mỗi sáng.",
        "audio": {
          "start": 291,
          "end": 297
        }
      },
      {
        "englishText": "But is it a good thing?",
        "vietnameseText": "Nhưng nó có phải là một điều tốt?",
        "audio": {
          "start": 296,
          "end": 300
        }
      },
      {
        "englishText": "She said ?? say,",
        "vietnameseText": "Cô ấy nói,",
        "audio": {
          "start": 300,
          "end": 303
        }
      },
      {
        "englishText": "Coffee makes me feel more awake, and it helps me concentrate.",
        "vietnameseText": "Cà phê làm cho tôi cảm thấy tỉnh táo hơn, và nó giúp tôi tập trung.",
        "audio": {
          "start": 303,
          "end": 312
        }
      },
      {
        "englishText": "But when I forget to drink it, I get painful headaches.",
        "vietnameseText": "Nhưng khi tôi quên uống nó, tôi bị đau đầu dữ dội.",
        "audio": {
          "start": 312,
          "end": 319
        }
      },
      {
        "englishText": "And when I drink too much, my hands shake and I talk really fast.",
        "vietnameseText": "Và khi tôi uống quá nhiều, tay tôi run và tôi nói rất nhanh.",
        "audio": {
          "start": 319,
          "end":328.5
        }
      },
      {
        "englishText": "Coffee is great most of the time.",
        "vietnameseText": "Cà phê là tuyệt vời hầu hết thời gian.",
        "audio": {
          "start": 328.4,
          "end": 333
        }
      }
  ]