[
  {
    "englishText": "Hello,",
    "vietnameseText": "Xin chào,",
    "audio": {
      "start": 0,
      "end": 0.6499999999999999
    }
  },
  {
    "englishText": "I'm Adam.",
    "vietnameseText": "Tôi là Adam.",
    "audio": {
      "start": 0.43,
      "end": 2.04
    }
  },
  {
    "englishText": "And I'm Liz.",
    "vietnameseText": "Và tôi là Liz.",
    "audio": {
      "start": 1.8299999999999998,
      "end": 3.4299999999999997
    }
  },
  {
    "englishText": "And before we begin today's program, we want to tell you how to get Spotlight scripts and programs sent right to your email inbox.",
    "vietnameseText": "Và trước khi chúng tôi bắt đầu chương trình hôm nay, chúng tôi muốn nói với bạn cách nhận các kịch bản và chương trình của Spotlight được gửi ngay tới hộp thư email của bạn.",
    "audio": {
      "start": 3.21,
      "end": 13.870000000000001
    }
  },
  {
    "englishText": "For only $5 a month, you can get a script of each week's program that is yours to use and keep.",
    "vietnameseText": "Chỉ với $5 một tháng, bạn có thể nhận được một kịch bản của chương trình mỗi tuần mà bạn có thể sử dụng và giữ lại.",
    "audio": {
      "start": 13.78,
      "end": 24.69
    }
  },
  {
    "englishText": "That's only $1 each week to take your English learning to the next level.",
    "vietnameseText": "Chỉ có $1 mỗi tuần để đưa việc học tiếng Anh của bạn lên một tầm cao mới.",
    "audio": {
      "start": 24.419999999999998,
      "end": 31.04
    }
  },
  {
    "englishText": "Try and find a better deal than that.",
    "vietnameseText": "Hãy thử và tìm một thỏa thuận tốt hơn thế.",
    "audio": {
      "start": 31.08,
      "end": 34.48
    }
  },
  {
    "englishText": "Just visit spotlightenglish.com and click the button at the top that says scripts by email.",
    "vietnameseText": "Chỉ cần truy cập spotlightenglish.com và nhấp vào nút ở trên cùng có nội dung các kịch bản qua email.",
    "audio": {
      "start": 34.36,
      "end": 43.87
    }
  },
  {
    "englishText": "Thanks.",
    "vietnameseText": "Cảm ơn.",
    "audio": {
      "start": 43.940000000000005,
      "end": 45.01
    }
  },
  {
    "englishText": "Now on to the program.",
    "vietnameseText": "Bây giờ vào chương trình.",
    "audio": {
      "start": 45.06,
      "end": 47.339999999999996
    }
  },
  {
    "englishText": "Welcome to Spotlight.",
    "vietnameseText": "Chào mừng đến với Spotlight.",
    "audio": {
      "start": 50.32,
      "end": 52.629999999999995
    }
  },
  {
    "englishText": "I'm Liz Waid.",
    "vietnameseText": "Tôi là Liz Waid.",
    "audio": {
      "start": 52.53,
      "end": 54.779999999999994
    }
  },
  {
    "englishText": "And I'm Luke Haley.",
    "vietnameseText": "Và tôi là Luke Haley.",
    "audio": {
      "start": 55.53,
      "end": 58.65
    }
  },
  {
    "englishText": "Spotlight uses a special English method of broadcasting.",
    "vietnameseText": "Spotlight sử dụng một phương pháp phát sóng tiếng Anh đặc biệt.",
    "audio": {
      "start": 58.85,
      "end": 65.09
    }
  },
  {
    "englishText": "It is easier for people to understand, no matter where in the world they live.",
    "vietnameseText": "Mọi người dễ hiểu hơn, bất kể họ sống ở đâu trên thế giới.",
    "audio": {
      "start": 65.03,
      "end": 73
    }
  },
  {
    "englishText": "In 1819, a young German doctor discovered a drug.",
    "vietnameseText": "Năm 1819, một bác sĩ trẻ người Đức đã phát hiện ra một loại thuốc.",
    "audio": {
      "start": 81.28,
      "end": 88.53
    }
  },
  {
    "englishText": "The doctor's name was Friedlib Ferdinand Lunge.",
    "vietnameseText": "Tên của bác sĩ là Friedlib Ferdinand Lunge.",
    "audio": {
      "start": 88.83,
      "end": 93.86999999999999
    }
  },
  {
    "englishText": "A friend had given Lunge some coffee beans to study.",
    "vietnameseText": "Một người bạn đã đưa cho Lunge một ít hạt cà phê để nghiên cứu.",
    "audio": {
      "start": 94.22,
      "end": 99.77
    }
  },
  {
    "englishText": "They were small and dark brown.",
    "vietnameseText": "Chúng nhỏ và có màu nâu sẫm.",
    "audio": {
      "start": 100.08,
      "end": 103.74
    }
  },
  {
    "englishText": "As he tested the beans, he discovered a chemical inside them,",
    "vietnameseText": "Khi ông kiểm tra các hạt đậu, ông đã phát hiện ra một hóa chất bên trong chúng,",
    "audio": {
      "start": 104.07000000000001,
      "end": 110.64
    }
  },
  {
    "englishText": "caffeine.",
    "vietnameseText": "caffeine.",
    "audio": {
      "start": 110.84,
      "end": 112.41
    }
  },
  {
    "englishText": "Today, caffeine is the most used drug in the world.",
    "vietnameseText": "Ngày nay, caffeine là loại thuốc được sử dụng nhiều nhất trên thế giới.",
    "audio": {
      "start": 112.91,
      "end": 119.36999999999999
    }
  },
  {
    "englishText": "Many",
    "vietnameseText": "Nhiều",
    "audio": {
      "start": 119.74000000000001,
      "end": 120
    }
  }
]