[
  {
    "englishText": "Deutsch lernen durch Hören.",
    "vietnameseText": "Học tiếng Đức qua việc nghe.",
    "audio": {
      "start": 3.29,
      "end": 5.38
    }
  },
  {
    "englishText": "Umtausch ohne Kassenbon.",
    "vietnameseText": "Đổi trả không cần hóa đơn.",
    "audio": {
      "start": 32.44,
      "end": 34.71
    }
  },
  {
    "englishText": "Pavel geht heute in die Innenstadt.",
    "vietnameseText": "Hôm nay Pavel đi vào trung tâm thành phố.",
    "audio": {
      "start": 37.30,
      "end": 39.53
    }
  },
  {
    "englishText": "Er möchte ein Geschenk umtauschen.",
    "vietnameseText": "Anh ấy muốn đổi một món quà.",
    "audio": {
      "start": 40.11,
      "end": 42.26
    }
  },
  {
    "englishText": "Er hat für seine Großmutter ein Buch gekauft, dass er ihr zu Weihnachten schenken wollte.",
    "vietnameseText": "Anh ấy đã mua một cuốn sách cho bà của mình mà anh ấy muốn tặng bà vào dịp Giáng sinh.",
    "audio": {
      "start": 42.94,
      "end": 48.32
    }
  },
  {
    "englishText": "Doch seine Großmutter hat das Buch schon.",
    "vietnameseText": "Nhưng bà của anh ấy đã có cuốn sách đó rồi.",
    "audio": {
      "start": 48.95,
      "end": 51.34
    }
  },
  {
    "englishText": "Nun möchte er es umtauschen und stattdessen ein anderes Buch kaufen.",
    "vietnameseText": "Bây giờ anh ấy muốn đổi nó và thay vào đó mua một cuốn sách khác.",
    "audio": {
      "start": 52.13,
      "end": 56.89
    }
  },
  {
    "englishText": "Die Innenstadt ist voll.",
    "vietnameseText": "Trung tâm thành phố đông đúc.",
    "audio": {
      "start": 58.36,
      "end": 59.95
    }
  },
  {
    "englishText": "Viele Menschen laufen in die Geschäfte.",
    "vietnameseText": "Nhiều người đi vào các cửa hàng.",
    "audio": {
      "start": 60.68,
      "end": 63.28
    }
  },
  {
    "englishText": "Es hängt noch die Weihnachtsdekoration in den Fenstern.",
    "vietnameseText": "Vẫn còn đồ trang trí Giáng sinh treo trên cửa sổ.",
    "audio": {
      "start": 64.28,
      "end": 67.76
    }
  },
  {
    "englishText": "Sie leuchtet und lässt die Stadt bunt erstrahlen.",
    "vietnameseText": "Nó tỏa sáng và làm cho thành phố trở nên rực rỡ.",
    "audio": {
      "start": 68.36,
      "end": 71.55
    }
  },
  {
    "englishText": "Pavel ist gut gelaunt.",
    "vietnameseText": "Pavel có tâm trạng tốt.",
    "audio": {
      "start": 72.51,
      "end": 74.12
    }
  },
  {
    "englishText": "Die Feiertage mit seiner Familie waren schön.",
    "vietnameseText": "Những ngày lễ với gia đình anh ấy rất vui.",
    "audio": {
      "start": 75.19,
      "end": 78.35
    }
  },
  {
    "englishText": "Außerdem möchte er heute Abend seine Großmutter besuchen und ihr das neue Geschenk mitbringen.",
    "vietnameseText": "Ngoài ra, anh ấy muốn đến thăm bà của mình vào tối nay và mang theo món quà mới cho bà.",
    "audio": {
      "start": 79.16,
      "end": 85.15
    }
  },
  {
    "englishText": "Er betritt den Buchladen.",
    "vietnameseText": "Anh ấy bước vào hiệu sách.",
    "audio": {
      "start": 86.56,
      "end": 88.17
    }
  },
  {
    "englishText": "Zum Glück sind hier nicht so viele Menschen.",
    "vietnameseText": "May mắn thay, không có quá nhiều người ở đây.",
    "audio": {
      "start": 89.44,
      "end": 91.89
    }
  },
  {
    "englishText": "Der Buchladen ist fast leer.",
    "vietnameseText": "Hiệu sách gần như trống rỗng.",
    "audio": {
      "start": 92.43,
      "end": 94.42
    }
  },
  {
    "englishText": "Pavel geht auf einen Verkäufer zu.",
    "vietnameseText": "Pavel đi đến chỗ một người bán hàng.",
    "audio": {
      "start": 95.13,
      "end": 97.55
    }
  },
  {
    "englishText": "Entschuldigen Sie bitte, wie kann ich denn ein Buch umtauschen?",
    "vietnameseText": "Xin lỗi, tôi có thể đổi sách như thế nào?",
    "audio": {
      "start": 98.43,
      "end": 102.27
    }
  },
  {
    "englishText": "fragt Pavel.",
    "vietnameseText": "Pavel hỏi.",
    "audio": {
      "start": 102.86,
      "end": 103.91
    }
  },
  {
    "englishText": "Der Verkäufer lächelt ihm höflich zu.",
    "vietnameseText": "Người bán hàng mỉm cười lịch sự với anh ấy.",
    "audio": {
      "start": 105.06,
      "end": 107.47
    }
  },
  {
    "englishText": "Dazu gehen Sie am besten direkt zur Kasse,",
    "vietnameseText": "Tốt nhất là bạn nên đi thẳng đến quầy thu ngân,",
    "audio": {
      "start": 108.46,
      "end": 111.14
    }
  },
  {
    "englishText": "antwortet er.",
    "vietnameseText": "anh ấy trả lời.",
    "audio": {
      "start": 111.79,
      "end": 112.94
    }
  },
  {
    "englishText": "Der Verkäufer zeigt auf den hinteren Teil des Ladens.",
    "vietnameseText": "Người bán hàng chỉ vào phía sau của cửa hàng.",
    "audio": {
      "start": 114.05,
      "end": 117.59
    }
  },
  {
    "englishText": "Pavel bedankt sich und folgt den Anweisungen des Mannes.",
    "vietnameseText": "Pavel cảm ơn và làm theo hướng dẫn của người đàn ông.",
    "audio": {
      "start": 118.48,
      "end": 122.45
    }
  },
  {
    "englishText": "An der Kasse steht eine junge Frau, die ihm ebenfalls freundlich zunickt, als er an der Reihe ist.",
    "vietnameseText": "Tại quầy thu ngân có một cô gái trẻ cũng gật đầu thân thiện với anh ấy khi đến lượt anh ấy.",
    "audio": {
      "start": 123.51,
      "end": 130.18
    }
  },
  {
    "englishText": "Ich möchte gerne dieses Buch umtauschen,",
    "vietnameseText": "Tôi muốn đổi cuốn sách này,",
    "audio": {
      "start": 131.08,
      "end": 133.53
    }
  },
  {
    "englishText": "sagt Pavel.",
    "vietnameseText": "Pavel nói.",
    "audio": {
      "start": 134.01,
      "end": 134.90
    }
  },
  {
    "englishText": "Die Frau nickt.",
    "vietnameseText": "Cô gái gật đầu.",
    "audio": {
      "start": 135.43,
      "end": 136.36
    }
  },
  {
    "englishText": "Dann brauche ich einmal den Kassenbon.",
    "vietnameseText": "Vậy thì tôi cần hóa đơn.",
    "audio": {
      "start": 137.51,
      "end": 139.76
    }
  },
   {
    "englishText": "Der Kassenbon liegt hinten im Buch.",
    "vietnameseText": "Hóa đơn nằm ở phía sau cuốn sách.",
    "audio": {
      "start": 80.83,
      "end": 83.17
    }
  },
  {
    "englishText": "Die Verkäuferin nickt und sieht nach, findet jedoch den Kassenbon nicht.",
    "vietnameseText": "Người bán hàng gật đầu và kiểm tra, nhưng không tìm thấy hóa đơn.",
    "audio": {
      "start": 84.17,
      "end": 88.79
    }
  },
  {
    "englishText": "Leider liegt er hier nicht",
    "vietnameseText": "Tiếc là nó không có ở đây,",
    "audio": {
      "start": 90.23,
      "end": 91.75
    }
  },
  {
    "englishText": "sagt sie.",
    "vietnameseText": "cô ấy nói.",
    "audio": {
      "start": 92.34,
      "end": 92.95
    }
  },
  {
    "englishText": "Pavel ist nervös.",
    "vietnameseText": "Pavel lo lắng.",
    "audio": {
      "start": 93.81,
      "end": 95.17
    }
  },
  {
    "englishText": "Ohne Kassenbon kann er das Buch nicht umtauschen.",
    "vietnameseText": "Không có hóa đơn, anh ấy không thể đổi sách.",
    "audio": {
      "start": 95.88,
      "end": 99.10
    }
  },
  {
    "englishText": "Er sieht in seiner Tasche nach.",
    "vietnameseText": "Anh ấy kiểm tra trong túi của mình.",
    "audio": {
      "start": 99.79,
      "end": 101.50
    }
  },
  {
    "englishText": "Auch dort ist der Kassenbon nicht.",
    "vietnameseText": "Hóa đơn cũng không có ở đó.",
    "audio": {
      "start": 102.15,
      "end": 104.49
    }
  },
  {
    "englishText": "Vielleicht hat er ihn verloren?",
    "vietnameseText": "Có lẽ anh ấy đã làm mất nó?",
    "audio": {
      "start": 105.26,
      "end": 107.19
    }
  },
  {
    "englishText": "Haben Sie noch eine andere Quittung?",
    "vietnameseText": "Anh có hóa đơn nào khác không?",
    "audio": {
      "start": 108.27,
      "end": 110.24
    }
  },
  {
    "englishText": "Haben Sie z.B. mit Karte bezahlt?",
    "vietnameseText": "Ví dụ, anh có thanh toán bằng thẻ không?",
    "audio": {
      "start": 110.57,
      "end": 112.76
    }
  },
  {
    "englishText": "fragt die Verkäuferin.",
    "vietnameseText": "người bán hàng hỏi.",
    "audio": {
      "start": 113.23,
      "end": 114.68
    }
  },
  {
    "englishText": "Pavel schüttelt den Kopf.",
    "vietnameseText": "Pavel lắc đầu.",
    "audio": {
      "start": 115.87,
      "end": 117.33
    }
  },
  {
    "englishText": "Die Verkäuferin kann ihm nicht mehr weiterhelfen.",
    "vietnameseText": "Người bán hàng không thể giúp anh ấy thêm nữa.",
    "audio": {
      "start": 118.72,
      "end": 121.63
    }
  },
  {
    "englishText": "Pavel muss zurück nach Hause und den Kassenbon suchen.",
    "vietnameseText": "Pavel phải quay về nhà và tìm hóa đơn.",
    "audio": {
      "start": 122.34,
      "end": 125.99
    }
  },
  {
    "englishText": "Zu Hause findet er ihn auf seinem Schreibtisch, sodass einem Umtausch nichts mehr im Wege steht.",
    "vietnameseText": "Ở nhà, anh ấy tìm thấy nó trên bàn làm việc, vì vậy không có gì cản trở việc đổi trả.",
    "audio": {
      "start": 127.05,
      "end": 133.85
    }
  },
  {
    "englishText": "Opa, ich brauche dringend Geld.",
    "vietnameseText": "Ông ơi, cháu cần tiền gấp.",
    "audio": {
      "start": 144.28,
      "end": 146.93
    }
  },
  {
    "englishText": "Uwe ist gerade dabei, den Tisch für das Mittagessen zu decken, als sein Handy klingelt.",
    "vietnameseText": "Uwe đang dọn bàn ăn trưa thì điện thoại của anh ấy reo.",
    "audio": {
      "start": 148.66,
      "end": 154.70
    }
  },
  {
    "englishText": "Er schaut nach, was los ist.",
    "vietnameseText": "Anh ấy kiểm tra xem có chuyện gì.",
    "audio": {
      "start": 155.74,
      "end": 157.66
    }
  },
  {
    "englishText": "Jemand hat ihm eine Nachricht hinterlassen.",
    "vietnameseText": "Ai đó đã để lại tin nhắn cho anh ấy.",
    "audio": {
      "start": 158.61,
      "end": 161.41
    }
  },
  {
    "englishText": "Die Nummer ist unbekannt.",
    "vietnameseText": "Số này không quen.",
    "audio": {
      "start": 162.11,
      "end": 163.84
    }
  },
  {
    "englishText": "Uwe öffnet die Nachricht und liest.",
    "vietnameseText": "Uwe mở tin nhắn và đọc.",
    "audio": {
      "start": 165.12,
      "end": 167.38
    }
  },
  {
    "englishText": "Hallo, hier ist dein Enkel.",
    "vietnameseText": "Xin chào, đây là cháu của ông.",
    "audio": {
      "start": 168.18,
      "end": 170.37
    }
  },
  {
    "englishText": "Ich bin im Urlaub und hatte einen Unfall.",
    "vietnameseText": "Cháu đang đi nghỉ và gặp tai nạn.",
    "audio": {
      "start": 170.78,
      "end": 173.29
    }
  },
  {
    "englishText": "Kannst du mir Geld schicken?",
    "vietnameseText": "Ông có thể gửi tiền cho cháu được không?",
    "audio": {
      "start": 173.98,
      "end": 175.61
    }
  },
  {
    "englishText": "Ich muss den Schaden bezahlen und kann meine Bankkarte nicht benutzen.",
    "vietnameseText": "Cháu phải trả tiền bồi thường và không thể sử dụng thẻ ngân hàng của mình.",
    "audio": {
      "start": 175.99,
      "end": 180.25
    }
  },
  {
    "englishText": "Das ist eine merkwürdige Nachricht, denkt Uwe.",
    "vietnameseText": "Đây là một tin nhắn kỳ lạ, Uwe nghĩ.",
    "audio": {
      "start": 181.77,
      "end": 185.41
    }
  },
  {
    "englishText": "Er hat zwar mehrere Enkelkinder, aber alle bis auf einen sind Mädchen.",
    "vietnameseText": "Anh ấy có nhiều cháu, nhưng tất cả trừ một đều là con gái.",
    "audio": {
      "start": 186.24,
      "end": 191.64
    }
  },
  {
    "englishText": "Mit seinem einzigen männlichen Enkel ist er heute Morgen einkaufen gewesen.",
    "vietnameseText": "Anh ấy đã đi mua sắm với đứa cháu trai duy nhất của mình vào sáng nay.",
    "audio": {
      "start": 192.93,
      "end": 198.65
    }
  },
  {
    "englishText": "Jannis ist nicht im Urlaub.",
    "vietnameseText": "Jannis không đi nghỉ.",
    "audio": {
      "start": 199.16,
      "end": 201.23
    }
  },
  {
    "englishText": "Auch seine Enkelinnen sind alle zu Hause.",
    "vietnameseText": "Tất cả các cháu gái của anh ấy cũng đều ở nhà.",
    "audio": {
      "start": 202.15,
      "end": 205.24
    }
  },
  {
    "englishText": "Sie sind noch zu jung, um alleine in den Urlaub zu fahren.",
    "vietnameseText": "Chúng còn quá nhỏ để đi nghỉ một mình.",
    "audio": {
      "start": 206.00,
      "end": 209.78
    }
  },
  {
    "englishText": "Uwe überlegt, ob er die Nachricht einfach löschen soll.",
    "vietnameseText": "Uwe suy nghĩ xem có nên xóa tin nhắn không.",
    "audio": {
      "start": 211.10,
      "end": 215.16
    }
  },
  {
    "englishText": "Aber er will wissen, wer hinter der Nachricht steckt.",
    "vietnameseText": "Nhưng anh ấy muốn biết ai đứng sau tin nhắn.",
    "audio": {
      "start": 215.74,
      "end": 218.77
    }
  },
  {
    "englishText": "Deshalb schickt er eine Nachricht zurück.",
    "vietnameseText": "Vì vậy, anh ấy gửi lại một tin nhắn.",
    "audio": {
      "start": 199.52,
      "end": 202.14
    }
  },
  {
    "englishText": "Wer ist da?",
    "vietnameseText": "Ai đó?",
    "audio": {
      "start": 203.36,
      "end": 204.54
    }
  },
  {
    "englishText": "Er bekommt keine Antwort.",
    "vietnameseText": "Anh ấy không nhận được câu trả lời.",
    "audio": {
      "start": 205.44,
      "end": 207.12
    }
  },
  {
    "englishText": "Mark, bist du das?",
    "vietnameseText": "Mark, có phải cháu không?",
    "audio": {
      "start": 208.14,
      "end": 209.92
    }
  },
  {
    "englishText": "schreibt Uwe.",
    "vietnameseText": "Uwe viết.",
    "audio": {
      "start": 210.48,
      "end": 211.51
    }
  },
  {
    "englishText": "Er kennt keinen Mark, aber wenn die Antwort ja ist, dann ist sicher etwas faul.",
    "vietnameseText": "Anh ấy không biết Mark nào, nhưng nếu câu trả lời là có, thì chắc chắn có điều gì đó không ổn.",
    "audio": {
      "start": 212.42,
      "end": 218.93
    }
  },
  {
    "englishText": "Dann sollte er die Polizei informieren.",
    "vietnameseText": "Sau đó anh ấy nên thông báo cho cảnh sát.",
    "audio": {
      "start": 219.64,
      "end": 222.33
    }
  },
  {
    "englishText": "Das Handy piept wieder.",
    "vietnameseText": "Điện thoại lại kêu bíp.",
    "audio": {
      "start": 223.08,
      "end": 224.63
    }
  },
  {
    "englishText": "Ja, hier ist Mark.",
    "vietnameseText": "Vâng, đây là Mark.",
    "audio": {
      "start": 225.46,
      "end": 226.99
    }
  },
  {
    "englishText": "Kannst du mir 3000 € auf dieses Konto überweisen?",
    "vietnameseText": "Ông có thể chuyển cho cháu 3000 € vào tài khoản này được không?",
    "audio": {
      "start": 227.48,
      "end": 231.43
    }
  },
  {
    "englishText": "Es folgt eine weitere Nachricht mit ausländischen Kontodaten.",
    "vietnameseText": "Tiếp theo là một tin nhắn khác với thông tin tài khoản nước ngoài.",
    "audio": {
      "start": 232.59,
      "end": 236.61
    }
  },
  {
    "englishText": "So eine dreiste Abzocke",
    "vietnameseText": "Thật là một trò lừa đảo trắng trợn,",
    "audio": {
      "start": 237.73,
      "end": 240.06
    }
  },
  {
    "englishText": "ruft Uwe, bevor er die Polizei ruft.",
    "vietnameseText": "Uwe kêu lên trước khi gọi cảnh sát.",
    "audio": {
      "start": 240.75,
      "end": 243.79
    }
  },
  {
    "englishText": "Der Beamtin am Telefon liest er die erste Nachricht vor.",
    "vietnameseText": "Anh ấy đọc tin nhắn đầu tiên cho nữ cảnh sát qua điện thoại.",
    "audio": {
      "start": 244.98,
      "end": 248.85
    }
  },
  {
    "englishText": "Sie versteht sofort, was los ist.",
    "vietnameseText": "Cô ấy hiểu ngay chuyện gì đang xảy ra.",
    "audio": {
      "start": 249.88,
      "end": 252.17
    }
  },
  {
    "englishText": "Ah, das ist der Enkeltrick.",
    "vietnameseText": "À, đó là trò lừa đảo cháu trai.",
    "audio": {
      "start": 253.19,
      "end": 255.02
    }
  },
  {
    "englishText": "Leider fallen immer wieder ältere Menschen darauf herein.",
    "vietnameseText": "Thật không may, những người lớn tuổi vẫn thường xuyên bị lừa.",
    "audio": {
      "start": 255.53,
      "end": 259.44
    }
  },
  {
    "englishText": "Es ist sehr clever, nach dem Namen zu fragen.",
    "vietnameseText": "Việc hỏi tên là rất thông minh.",
    "audio": {
      "start": 260.51,
      "end": 263.59
    }
  },
  {
    "englishText": "Die Betrüger kennen den Namen des echten Enkels nicht.",
    "vietnameseText": "Những kẻ lừa đảo không biết tên của cháu trai thật.",
    "audio": {
      "start": 264.29,
      "end": 267.83
    }
  },
  {
    "englishText": "Wenn man immer noch unsicher ist, kann man andere Familienmitglieder anrufen und mit ihnen sprechen.",
    "vietnameseText": "Nếu bạn vẫn không chắc chắn, bạn có thể gọi cho các thành viên khác trong gia đình và nói chuyện với họ.",
    "audio": {
      "start": 268.40,
      "end": 275.23
    }
  },
  {
    "englishText": "Außerdem sollte man unter diesen Umständen niemals Geld überweisen.",
    "vietnameseText": "Ngoài ra, bạn không bao giờ nên chuyển tiền trong những trường hợp này.",
    "audio": {
      "start": 276.22,
      "end": 281.39
    }
  },
  {
    "englishText": "Am besten ist es, die Polizei anzurufen, so wie Sie es getan haben.",
    "vietnameseText": "Tốt nhất là gọi cảnh sát, như bạn đã làm.",
    "audio": {
      "start": 282.02,
      "end": 287.57
    }
  },
  {
    "englishText": "Wir können die Betrüger nur fassen, wenn sie angezeigt werden.",
    "vietnameseText": "Chúng tôi chỉ có thể bắt những kẻ lừa đảo nếu chúng bị tố cáo.",
    "audio": {
      "start": 288.52,
      "end": 292.74
    }
  },
  {
    "englishText": "Bitte geben Sie mir noch die Kontodaten, auf die Sie das Geld überweisen sollen.",
    "vietnameseText": "Vui lòng cung cấp cho tôi thông tin tài khoản mà bạn nên chuyển tiền vào.",
    "audio": {
      "start": 293.68,
      "end": 298.55
    }
  },
  {
    "englishText": "Das hilft uns weiter.",
    "vietnameseText": "Điều đó sẽ giúp chúng tôi.",
    "audio": {
      "start": 298.95,
      "end": 300.34
    }
  },
  {
    "englishText": "Uwe gibt der Polizistin die Kontodaten und seine Kontaktdaten, falls sie noch Fragen hat.",
    "vietnameseText": "Uwe cung cấp cho nữ cảnh sát thông tin tài khoản và thông tin liên lạc của mình, trong trường hợp cô ấy có bất kỳ câu hỏi nào.",
    "audio": {
      "start": 301.60,
      "end": 309.09
    }
  },
  {
    "englishText": "Dann verabschiedet er sich.",
    "vietnameseText": "Sau đó anh ấy nói lời tạm biệt.",
    "audio": {
      "start": 309.98,
      "end": 311.77
    }
  },
  {
    "englishText": "Jetzt kann er in Ruhe zu Mittag essen.",
    "vietnameseText": "Bây giờ anh ấy có thể ăn trưa một cách yên bình.",
    "audio": {
      "start": 312.58,
      "end": 315.61
    }
  }
]