[
    {
      "englishText": "Today, most tea bags are made of paper,",
      "vietnameseText": "Ngày nay, hầu hết các túi trà được làm bằng giấy,",
      "audio": {
        "start": 535.6999999999999,
        "end": 541.51
      }
    },
    {
      "englishText": "and they are very popular in many parts of the world.",
      "vietnameseText": "và chúng rất phổ biến ở nhiều nơi trên thế giới.",
      "audio": {
        "start": 540.3199999999999,
        "end": 547.7099999999999
      }
    },
    {
      "englishText": "Today, people on every continent drink tea.",
      "vietnameseText": "Ngày nay, người dân ở mọi châu lục đều uống trà.",
      "audio": {
        "start": 552.4399999999999,
        "end": 558.4899999999999
      }
    },
    {
      "englishText": "But people in different places drink tea differently.",
      "vietnameseText": "Nhưng người dân ở những nơi khác nhau uống trà khác nhau.",
      "audio": {
        "start": 558.3499999999999,
        "end": 564.7099999999999
      }
    },
    {
      "englishText": "In the United Kingdom, tea became part of the daily meal.",
      "vietnameseText": "Ở Vương quốc Anh, trà đã trở thành một phần của bữa ăn hàng ngày.",
      "audio": {
        "start": 564.4599999999999,
        "end": 572.01
      }
    },
    {
      "englishText": "Traditionally, two meals involved tea in British homes.",
      "vietnameseText": "Theo truyền thống, có hai bữa ăn có trà trong các gia đình người Anh.",
      "audio": {
        "start": 572.1999999999999,
        "end": 578.78
      }
    },
    {
      "englishText": "These meals became popular in the 1600s.",
      "vietnameseText": "Những bữa ăn này trở nên phổ biến vào những năm 1600.",
      "audio": {
        "start": 578.26,
        "end": 584.53
      }
    },
    {
      "englishText": "The first was afternoon tea, or low tea.",
      "vietnameseText": "Bữa đầu tiên là trà chiều, hay trà nhẹ.",
      "audio": {
        "start": 583.88,
        "end": 590.38
      }
    },
    {
      "englishText": "This was popular among wealthy people.",
      "vietnameseText": "Điều này phổ biến đối với những người giàu có.",
      "audio": {
        "start": 589.63,
        "end": 594.8299999999999
      }
    },
    {
      "englishText": "They would drink tea and eat small sandwiches of meat and bread.",
      "vietnameseText": "Họ sẽ uống trà và ăn bánh mì sandwich nhỏ với thịt.",
      "audio": {
        "start": 594.1999999999999,
        "end": 602
      }
    },
    {
      "englishText": "This meal happened around 3:00 in the afternoon.",
      "vietnameseText": "Bữa ăn này diễn ra vào khoảng 3 giờ chiều.",
      "audio": {
        "start": 602.6,
        "end": 608.2
      }
    },
    {
      "englishText": "The other meal was called high tea.",
      "vietnameseText": "Bữa ăn còn lại được gọi là trà nặng.",
      "audio": {
        "start": 608.46,
        "end": 612
      }
    },
    {
      "englishText": "High tea was a larger meal eaten later in the night.",
      "vietnameseText": "Trà nặng là một bữa ăn lớn hơn được ăn vào cuối đêm.",
      "audio": {
        "start": 612,
        "end": 618
      }
    },
    {
      "englishText": "It was popular among poorer people.",
      "vietnameseText": "Nó phổ biến đối với những người nghèo hơn.",
      "audio": {
        "start": 618,
        "end": 622
      }
    },
    {
      "englishText": "In Western Asia and the Middle East, a popular way to enjoy tea is as masala chai.",
      "vietnameseText": "Ở Tây Á và Trung Đông, một cách phổ biến để thưởng thức trà là trà masala.",
      "audio": {
        "start": 622,
        "end": 633
      }
    },
    {
      "englishText": "Masala chai is a drink made from black tea.",
      "vietnameseText": "Trà masala là một loại đồ uống được làm từ trà đen.",
      "audio": {
        "start": 633,
        "end": 639
      }
    },
    {
      "englishText": "But this drink has sugar, spices, and milk in it.",
      "vietnameseText": "Nhưng đồ uống này có đường, gia vị và sữa trong đó.",
      "audio": {
        "start": 639,
        "end": 647
      }
    },
    {
      "englishText": "Around the world, people boil plants and flowers to make drinks similar to tea.",
      "vietnameseText": "Trên khắp thế giới, người ta đun sôi cây và hoa để tạo ra đồ uống tương tự như trà.",
      "audio": {
        "start": 647,
        "end": 656.2
      }
    },
    {
      "englishText": "These are called tisans.",
      "vietnameseText": "Chúng được gọi là trà thảo mộc.",
      "audio": {
        "start": 656.2,
        "end": 661
      }
    }
  ]