[
    {
      "englishText": "Welcome to Spotlight.",
      "vietnameseText": "Chào mừng bạn đến với Spotlight.",
      "audio": {
        "start": 7.130000000000001,
        "end": 10.06
      }
    },
    {
      "englishText": "I'm Bruce Gulland.",
      "vietnameseText": "Tôi là Bruce Gulland.",
      "audio": {
        "start": 9.72,
        "end": 12.54
      }
    },
    {
      "englishText": "And I'm Liz Wade.",
      "vietnameseText": "Và tôi là Liz Wade.",
      "audio": {
        "start": 12.07,
        "end": 15.17
      }
    },
    {
      "englishText": "Spotlight uses a special English method of broadcasting.",
      "vietnameseText": "Spotlight sử dụng một phương pháp phát sóng tiếng Anh đặc biệt.",
      "audio": {
        "start": 14.94,
        "end": 20.96
      }
    },
    {
      "englishText": "It is easier for people to understand no matter where in the world they live.",
      "vietnameseText": "Mọi người có thể hiểu dễ dàng hơn cho dù họ sống ở đâu trên thế giới.",
      "audio": {
        "start": 20.59,
        "end": 29.48
      }
    },
    {
      "englishText": "Some people drink it with food in the afternoon.",
      "vietnameseText": "Một số người uống nó với thức ăn vào buổi chiều.",
      "audio": {
        "start": 39.35,
        "end": 44.980000000000004
      }
    },
    {
      "englishText": "Some people drink it to give themselves energy in the morning.",
      "vietnameseText": "Một số người uống nó để cung cấp năng lượng cho bản thân vào buổi sáng.",
      "audio": {
        "start": 44.53,
        "end": 51.730000000000004
      }
    },
    {
      "englishText": "Some people drink it as part of a ceremony.",
      "vietnameseText": "Một số người uống nó như một phần của nghi lễ.",
      "audio": {
        "start": 51.87,
        "end": 56.99
      }
    },
    {
      "englishText": "Some people drink it when they are sick.",
      "vietnameseText": "Một số người uống nó khi họ bị bệnh.",
      "audio": {
        "start": 56.96,
        "end": 62.09
      }
    },
    {
      "englishText": "Some people drink it hot.",
      "vietnameseText": "Một số người uống nó nóng.",
      "audio": {
        "start": 62.059999999999995,
        "end": 65.42999999999999
      }
    },
    {
      "englishText": "Some people drink it very cold.",
      "vietnameseText": "Một số người uống nó rất lạnh.",
      "audio": {
        "start": 65,
        "end": 69.07
      }
    },
    {
      "englishText": "People have been drinking it for hundreds of years in hundreds of countries.",
      "vietnameseText": "Mọi người đã uống nó hàng trăm năm ở hàng trăm quốc gia.",
      "audio": {
        "start": 68.96000000000001,
        "end": 77.74
      }
    },
    {
      "englishText": "What is it?",
      "vietnameseText": "Đó là gì?",
      "audio": {
        "start": 77.65,
        "end": 80.14
      }
    },
    {
      "englishText": "Tea.",
      "vietnameseText": "Trà.",
      "audio": {
        "start": 79.44000000000001,
        "end": 81.5
      }
    },
    {
      "englishText": "Tea comes from the Camelia Sinensis plant.",
      "vietnameseText": "Trà đến từ cây Camelia Sinensis.",
      "audio": {
        "start": 82.67,
        "end": 87.89
      }
    },
    {
      "englishText": "People pick the leaves off the plant.",
      "vietnameseText": "Mọi người hái lá từ cây.",
      "audio": {
        "start": 87.53,
        "end": 92.8
      }
    },
    {
      "englishText": "They set the leaves to dry.",
      "vietnameseText": "Họ đặt lá để khô.",
      "audio": {
        "start": 92.22,
        "end": 96.3
      }
    },
    {
      "englishText": "The tea leaves are ready when all the water from the leaves is evaporated.",
      "vietnameseText": "Lá trà sẵn sàng khi tất cả nước từ lá đã bay hơi.",
      "audio": {
        "start": 96.08000000000001,
        "end": 104.32
      }
    },
    {
      "englishText": "There are many ways to prepare the leaves before making the tea drink.",
      "vietnameseText": "Có nhiều cách để chuẩn bị lá trước khi pha đồ uống trà.",
      "audio": {
        "start": 104.63000000000001,
        "end": 112.64
      }
    },
    {
      "englishText": "Some tea leaves are left open to the air before they are dried.",
      "vietnameseText": "Một số lá trà được để thoáng khí trước khi sấy khô.",
      "audio": {
        "start": 112.78,
        "end": 120.44999999999999
      }
    },
    {
      "englishText": "This makes the leaves darker.",
      "vietnameseText": "Điều này làm cho lá sẫm màu hơn.",
      "audio": {
        "start": 120.45,
        "end": 124.39
      }
    },
    {
      "englishText": "They will taste stronger.",
      "vietnameseText": "Chúng sẽ có vị đậm đà hơn.",
      "audio": {
        "start": 124.16000000000001,
        "end": 127.64999999999999
      }
    },
    {
      "englishText": "Some people mix tea leaves with flowers, oils, and other plants to give teas different tastes.",
      "vietnameseText": "Một số người trộn lá trà với hoa, dầu và các loại cây khác để tạo cho trà những hương vị khác nhau.",
      "audio": {
        "start": 127.64000000000001,
        "end": 138.69
      }
    },
    {
      "englishText": "The people who originally discovered tea developed these methods many years ago.",
      "vietnameseText": "Những người ban đầu phát hiện ra trà đã phát triển những phương pháp này cách đây nhiều năm.",
      "audio": {
        "start": 138.81,
        "end": 148.01
      }
    }
  ]