[
 {
  "englishText": "Today, most tea bags are made of paper,",
  "vietnameseText": "Ngày nay, hầu hết các túi trà được làm bằng giấy,",
  "audio": {
   "start": 0.52,
   "end": 4.83
  }
 },
 {
  "englishText": "and they are very popular in many parts of the world.",
  "vietnameseText": "và chúng rất phổ biến ở nhiều nơi trên thế giới.",
  "audio": {
   "start": 5.14,
   "end": 11.03
  }
 },
 {
  "englishText": "Today, people on every continent drink tea.",
  "vietnameseText": "Ngày nay, người dân ở mọi châu lục đều uống trà.",
  "audio": {
   "start": 17.26,
   "end": 21.81
  }
 },
 {
  "englishText": "But people in different places drink tea differently.",
  "vietnameseText": "Nhưng người dân ở những nơi khác nhau uống trà khác nhau.",
  "audio": {
   "start": 23.17,
   "end": 28.03
  }
 },
 {
  "englishText": "In the United Kingdom, tea became part of the daily meal.",
  "vietnameseText": "Ở Vương quốc Anh, trà đã trở thành một phần của bữa ăn hàng ngày.",
  "audio": {
   "start": 29.28,
   "end": 35.33
  }
 },
 {
  "englishText": "Traditionally, two meals involved tea in British homes.",
  "vietnameseText": "Theo truyền thống, có hai bữa ăn có trà trong các gia đình người Anh.",
  "audio": {
   "start": 37.02,
   "end": 42.10
  }
 },
 {
  "englishText": "These meals became popular in the 1600s.",
  "vietnameseText": "Những bữa ăn này trở nên phổ biến vào những năm 1600.",
  "audio": {
   "start": 43.08,
   "end": 47.85
  }
 },
 {
  "englishText": "The first was afternoon tea, or low tea.",
  "vietnameseText": "Bữa đầu tiên là trà chiều, hay trà nhẹ.",
  "audio": {
   "start": 48.70,
   "end": 53.70
  }
 },
 {
  "englishText": "This was popular among wealthy people.",
  "vietnameseText": "Điều này phổ biến đối với những người giàu có.",
  "audio": {
   "start": 54.45,
   "end": 58.15
  }
 },
 {
  "englishText": "They would drink tea and eat small sandwiches of meat and bread.",
  "vietnameseText": "Họ sẽ uống trà và ăn bánh mì sandwich nhỏ với thịt.",
  "audio": {
   "start": 59.02,
   "end": 105.30
  }
 },
 {
  "englishText": "This meal happened around 3:00 in the afternoon.",
  "vietnameseText": "Bữa ăn này diễn ra vào khoảng 3 giờ chiều.",
  "audio": {
   "start": 106.43,
   "end": 111.45
  }
 },
 {
  "englishText": "The other meal was called high tea.",
  "vietnameseText": "Bữa ăn còn lại được gọi là trà nặng.",
  "audio": {
   "start": 112.58,
   "end": 115.58
  }
 },
 {
  "englishText": "High tea was a larger meal eaten later in the night.",
  "vietnameseText": "Trà nặng là một bữa ăn lớn hơn được ăn vào cuối đêm.",
  "audio": {
   "start": 116.55,
   "end": 122.00
  }
 },
 {
  "englishText": "It was popular among poorer people.",
  "vietnameseText": "Nó phổ biến đối với những người nghèo hơn.",
  "audio": {
   "start": 122.67,
   "end": 125.92
  }
 },
 {
  "englishText": "In Western Asia and the Middle East, a popular way to enjoy tea is as masala chai.",
  "vietnameseText": "Ở Tây Á và Trung Đông, một cách phổ biến để thưởng thức trà là trà masala.",
  "audio": {
   "start": 127.62,
   "end": 136.74
  }
 },
 {
  "englishText": "Masala chai is a drink made from black tea.",
  "vietnameseText": "Trà masala là một loại đồ uống được làm từ trà đen.",
  "audio": {
   "start": 138.12,
   "end": 142.65
  }
 },
 {
  "englishText": "But this drink has sugar, spices, and milk in it.",
  "vietnameseText": "Nhưng đồ uống này có đường, gia vị và sữa trong đó.",
  "audio": {
   "start": 144.01,
   "end": 149.81
  }
 },
 {
  "englishText": "Around the world, people boil plants and flowers to make drinks similar to tea.",
  "vietnameseText": "Trên khắp thế giới, người ta đun sôi cây và hoa để tạo ra đồ uống tương tự như trà.",
  "audio": {
   "start": 151.94,
   "end": 159.52
  }
 },
 {
  "englishText": "These are called tisans.",
  "vietnameseText": "Chúng được gọi là trà thảo mộc.",
  "audio": {
   "start": 160.78,
   "end": 162.92
  }
 }
]